{
    "id": "p4",
    "position": {
        "x": 1.4042553191489362,
        "y": 98.93617021276596
    }
}