{
    "id": "p4",
    "position": {
        "x": 0.6382978723404256,
        "y": 98.93617021276596
    }
}