{
    "position": {
        "x": 1.3404255319148937,
        "y": -0.8297872340425532
    }
}