{
    "l_1": {
        "id": "l_1",
        "position": {
            "x": 1.446808510638298,
            "y": 53.702127659574465
        }
    },
    "l_10": {
        "id": "l_10",
        "position": {
            "x": 1.3617021276595744,
            "y": 529.7872340425532
        }
    },
    "l_11": {
        "id": "l_11",
        "position": {
            "x": 1.1063829787234043,
            "y": 588.7659574468086
        }
    },
    "l_12": {
        "id": "l_12",
        "position": {
            "x": 1.1063829787234043,
            "y": 648.6808510638298
        }
    },
    "l_13": {
        "id": "l_13",
        "position": {
            "x": 1.1914893617021276,
            "y": 706.9787234042553
        }
    },
    "l_14": {
        "id": "l_14",
        "position": {
            "x": 1.3617021276595744,
            "y": 766.8936170212766
        }
    },
    "l_15": {
        "id": "l_15",
        "position": {
            "x": 0.5957446808510638,
            "y": 798.2978723404256
        }
    },
    "l_16": {
        "id": "l_16",
        "position": {
            "x": 0.5957446808510638,
            "y": 798.3829787234042
        }
    },
    "l_17": {
        "id": "l_17",
        "position": {
            "x": 0.5957446808510638,
            "y": 798.3829787234042
        }
    },
    "l_18": {
        "id": "l_18",
        "position": {
            "x": 2.0425531914893615,
            "y": 50.212765957446805
        }
    },
    "l_19": {
        "id": "l_19",
        "position": {
            "x": 2.0425531914893615,
            "y": 106.8936170212766
        }
    },
    "l_2": {
        "id": "l_2",
        "position": {
            "x": 1.5319148936170213,
            "y": 113.95744680851064
        }
    },
    "l_20": {
        "id": "l_20",
        "position": {
            "x": 1.9574468085106382,
            "y": 133.53191489361703
        }
    },
    "l_21": {
        "id": "l_21",
        "position": {
            "x": 1.7872340425531914,
            "y": 173.4468085106383
        }
    },
    "l_22": {
        "id": "l_22",
        "position": {
            "x": 1.6170212765957446,
            "y": 201.53191489361703
        }
    },
    "l_3": {
        "id": "l_3",
        "position": {
            "x": 1.5319148936170213,
            "y": 172.59574468085106
        }
    },
    "l_4": {
        "id": "l_4",
        "position": {
            "x": 1.6170212765957446,
            "y": 233.4468085106383
        }
    },
    "l_5": {
        "id": "l_5",
        "position": {
            "x": 1.702127659574468,
            "y": 266.63829787234044
        }
    },
    "l_6": {
        "id": "l_6",
        "position": {
            "x": 1.5319148936170213,
            "y": 326.8085106382979
        }
    },
    "l_7": {
        "id": "l_7",
        "position": {
            "x": 1.5319148936170213,
            "y": 388.0
        }
    },
    "l_8": {
        "id": "l_8",
        "position": {
            "x": 1.3617021276595744,
            "y": 410.21276595744683
        }
    },
    "l_9": {
        "id": "l_9",
        "position": {
            "x": 1.3617021276595744,
            "y": 471.3191489361702
        }
    }
}