{
    "position": {
        "x": 1.6170212765957446,
        "y": 201.53191489361703
    }
}