{
    "l_1": {
        "id": "l_1",
        "position": {
            "x": 0.008601177003168854,
            "y": 0.21231326392032596
        }
    },
    "l_10": {
        "id": "l_10",
        "position": {
            "x": 0.012222725215029427,
            "y": 1.8569488456315073
        }
    },
    "l_11": {
        "id": "l_11",
        "position": {
            "x": 0.013128112267994568,
            "y": 1.9687641466727028
        }
    },
    "l_12": {
        "id": "l_12",
        "position": {
            "x": 0.022181982797645994,
            "y": 2.1756450882752376
        }
    },
    "l_13": {
        "id": "l_13",
        "position": {
            "x": 0.011317338162064282,
            "y": 2.481213218650973
        }
    },
    "l_14": {
        "id": "l_14",
        "position": {
            "x": 0.012675418741511995,
            "y": 2.7804436396559526
        }
    },
    "l_15": {
        "id": "l_15",
        "position": {
            "x": 0.01358080579447714,
            "y": 3.0099592575826164
        }
    },
    "l_16": {
        "id": "l_16",
        "position": {
            "x": 0.015391579900407425,
            "y": 3.2951561792666366
        }
    },
    "l_17": {
        "id": "l_17",
        "position": {
            "x": 0.02082390221819828,
            "y": 3.5771842462652783
        }
    },
    "l_18": {
        "id": "l_18",
        "position": {
            "x": 0.02535083748302399,
            "y": 3.8420099592575827
        }
    },
    "l_19": {
        "id": "l_19",
        "position": {
            "x": 0.04979628791308285,
            "y": 4.057492077863286
        }
    },
    "l_2": {
        "id": "l_2",
        "position": {
            "x": 0.009053870529651425,
            "y": 0.39248528746038935
        }
    },
    "l_20": {
        "id": "l_20",
        "position": {
            "x": 0.08827523766410139,
            "y": 4.103666817564509
        }
    },
    "l_3": {
        "id": "l_3",
        "position": {
            "x": 0.008601177003168854,
            "y": 0.5151652331371661
        }
    },
    "l_4": {
        "id": "l_4",
        "position": {
            "x": 0.012222725215029427,
            "y": 0.6935264825712992
        }
    },
    "l_5": {
        "id": "l_5",
        "position": {
            "x": 0.011770031688546853,
            "y": 0.8524219103666817
        }
    },
    "l_6": {
        "id": "l_6",
        "position": {
            "x": 0.013128112267994568,
            "y": 1.0638297872340425
        }
    },
    "l_7": {
        "id": "l_7",
        "position": {
            "x": 0.03576278859212313,
            "y": 1.2870076957899501
        }
    },
    "l_8": {
        "id": "l_8",
        "position": {
            "x": 0.046627433227704844,
            "y": 1.4825712992304212
        }
    },
    "l_9": {
        "id": "l_9",
        "position": {
            "x": 0.02716161158895428,
            "y": 1.6908103214124037
        }
    }
}