{
    "position": {
        "x": 5.042553191489362,
        "y": 109.68085106382979
    }
}