{
    "position": {
        "x": 4.148936170212766,
        "y": 192.87234042553192
    }
}